Player,Year,Draft pick,Height (No Shoes),Height (With Shoes),Wingspan,Standing reach,Vertical (Max),Vertical (Max Reach),Vertical (No Step),Vertical (No Step Reach),Weight,Body Fat,Hand (Length),Hand (Width),Bench,Agility,Sprint
Blake Griffin,2009,1.0,80.5,82.0,83.25,105.0,35.5,140.5,32.0,137.0,248.0,8.2,,,22.0,10.95,3.28
Terrence Williams,2009,11.0,77.0,78.25,81.0,103.5,37.0,140.5,30.5,134.0,213.0,5.1,,,9.0,11.15,3.18
Gerald Henderson,2009,12.0,76.0,77.0,82.25,102.5,35.0,137.5,31.5,134.0,215.0,4.4,,,8.0,11.17,3.14
Tyler Hansbrough,2009,13.0,80.25,81.5,83.5,106.0,34.0,140.0,27.5,133.5,234.0,8.5,,,18.0,11.12,3.27
Earl Clark,2009,14.0,80.5,82.25,86.5,109.5,33.0,142.5,28.5,138.0,228.0,5.2,,,5.0,11.17,3.35
Austin Daye,2009,15.0,81.75,82.75,86.75,110.0,28.0,138.0,25.0,135.0,192.0,5.5,,,,12.11,3.55
James Johnson,2009,16.0,79.0,79.75,84.75,105.5,35.0,140.5,30.5,136.0,257.0,12.0,,,18.0,11.21,3.23
Jrue Holiday,2009,17.0,75.25,76.25,79.0,100.5,34.0,134.5,28.5,129.0,199.0,6.3,,,6.0,10.64,3.21
Ty Lawson,2009,18.0,71.25,72.5,72.75,94.5,36.5,131.0,29.0,123.5,197.0,6.6,,,14.0,10.98,3.12
Jeff Teague,2009,19.0,72.25,73.5,79.5,98.5,36.5,135.0,30.5,129.0,175.0,4.5,,,13.0,11.05,3.18
Hasheem Thabeet,2009,2.0,85.25,86.5,90.25,113.0,,,,,267.0,6.7,,,,,
Eric Maynor,2009,20.0,74.25,75.25,74.5,97.0,31.5,128.5,28.5,125.5,164.0,5.4,,,8.0,10.78,3.19
Darren Collison,2009,21.0,72.25,73.5,75.0,96.5,33.5,130.0,30.5,127.0,166.0,5.7,,,9.0,10.45,3.1
Omri Casspi,2009,23.0,79.75,81.25,81.25,106.5,32.5,139.0,25.5,132.0,211.0,8.6,,,2.0,11.15,3.28
Byron Mullens,2009,24.0,83.75,85.25,85.5,111.0,32.5,143.5,28.5,139.5,258.0,8.5,,,10.0,11.1,3.45
Damion James,2009,24.0,78.25,79.5,84.75,106.0,37.0,143.0,30.0,136.0,224.0,8.2,9.25,8.5,14.0,11.23,3.09
Rodrigue Beaubois,2009,25.0,73.25,74.25,81.75,100.0,39.0,139.0,29.5,129.5,182.0,7.9,,,3.0,10.49,3.15
Taj Gibson,2009,26.0,80.5,81.75,88.0,109.0,30.0,139.0,25.5,134.5,214.0,6.6,,,12.0,11.56,3.41
DeMarre Carroll,2009,27.0,78.25,79.75,82.0,105.0,,,,,207.0,6.3,,,,,
Greivis Vasquez,2009,28.0,76.75,78.0,79.25,101.0,28.0,129.0,24.5,125.5,197.0,6.9,7.75,9.25,1.0,11.13,3.48
Wayne Ellington,2009,28.0,76.25,77.25,78.5,100.0,38.0,138.0,31.5,131.5,202.0,5.5,,,13.0,11.14,3.2
Toney Douglas,2009,29.0,73.0,74.0,78.0,97.5,32.5,130.0,28.0,125.5,183.0,5.2,,,15.0,10.63,3.03
James Harden,2009,3.0,76.0,77.25,82.75,103.5,37.0,140.5,31.5,135.0,222.0,10.1,,,17.0,11.1,3.13
Jeff Pendergraph,2009,31.0,80.75,82.0,85.0,107.0,35.0,142.0,31.0,138.0,240.0,5.5,,,15.0,11.98,3.14
Jermaine Taylor,2009,32.0,75.5,76.75,80.75,101.0,37.5,138.5,34.0,135.0,207.0,5.8,,,16.0,11.54,3.32
Dante Cunningham,2009,33.0,79.0,80.25,83.0,106.5,35.0,141.5,28.0,134.5,227.0,4.8,,,18.0,11.18,3.26
DaJuan Summers,2009,35.0,79.25,80.5,84.75,106.5,34.5,141.0,29.5,136.0,243.0,6.6,,,15.0,10.94,3.17
Sam Young,2009,36.0,77.25,78.75,82.75,105.5,33.0,138.5,27.5,133.0,223.0,4.9,,,,11.47,3.45
DeJuan Blair,2009,37.0,77.25,78.5,86.0,106.5,33.0,139.5,26.0,132.5,277.0,12.0,,,18.0,11.5,3.45
Tyreke Evans,2009,4.0,76.0,77.25,83.25,104.0,34.0,138.0,28.5,132.5,221.0,7.1,,,7.0,11.81,3.17
Derrick Brown,2009,40.0,79.5,80.5,86.5,107.5,35.5,143.0,30.5,138.0,225.0,8.6,,,20.0,11.26,3.13
Jodie Meeks,2009,41.0,75.0,76.0,76.5,98.0,37.0,135.0,28.5,126.5,211.0,8.0,,,14.0,10.96,3.1
Marcus Thornton,2009,43.0,74.75,75.75,77.0,99.0,33.0,132.0,31.0,130.0,194.0,4.8,,,14.0,10.73,3.28
Chase Budinger,2009,44.0,78.25,79.0,79.0,101.0,38.5,139.5,29.5,130.5,206.0,10.0,,,10.0,11.08,3.24
Danny Green,2009,46.0,77.25,78.5,82.0,103.0,33.0,136.0,29.0,132.0,208.0,5.6,,,15.0,11.3,3.3
Gani Lawal,2009,46.0,79.75,81.0,84.0,106.0,34.5,140.5,30.0,136.0,229.0,7.2,8.5,10.0,17.0,11.93,3.34
Jack McClinton,2009,51.0,71.75,72.75,74.5,96.0,36.5,132.5,30.0,126.0,185.0,6.2,,,13.0,10.44,3.21
A.J. Price,2009,52.0,72.5,74.0,75.75,97.0,31.0,128.0,26.0,123.0,193.0,12.4,,,11.0,10.99,3.22
Luke Harangody,2009,52.0,78.25,80.0,81.75,106.0,31.0,137.0,27.0,133.0,240.0,11.2,8.75,9.75,23.0,11.15,3.33
Patrick Mills,2009,55.0,71.25,72.5,74.0,95.0,33.0,128.0,27.5,122.5,175.0,6.9,,,8.0,10.87,3.1
Jonny Flynn,2009,6.0,71.25,72.75,76.0,95.5,40.0,135.5,33.0,128.5,196.0,6.3,,,10.0,10.86,3.23
Stephen Curry,2009,7.0,74.0,75.25,75.5,97.0,35.5,132.5,29.5,126.5,181.0,5.7,,,10.0,11.07,3.28
Jordan Hill,2009,8.0,81.25,82.25,85.5,108.0,35.0,143.0,31.0,139.0,232.0,6.0,,,11.0,12.23,3.3
Demar DeRozan,2009,9.0,77.5,78.5,81.0,102.5,38.5,141.0,29.0,131.5,211.0,4.9,,,5.0,11.88,3.31
Dionte Christmas,2009,,76.25,77.5,81.0,102.5,33.5,136.0,27.0,129.5,211.0,7.1,,,3.0,10.83,3.21
Jeff Adrien,2009,,77.25,78.5,86.0,107.5,31.5,139.0,27.5,135.0,236.0,7.9,,,16.0,11.34,3.32
Jerel McNeal,2009,,73.5,75.0,79.25,99.5,36.5,136.0,31.5,131.0,190.0,5.4,,,10.0,10.61,3.25
Joe Ingles,2009,,79.75,80.25,82.25,105.0,31.0,136.0,26.0,131.0,209.0,10.1,,,3.0,10.66,3.3
Josh Heytvelt,2009,,82.0,83.0,85.25,108.0,34.0,142.0,28.5,136.5,246.0,10.8,,,15.0,11.67,3.38
Tyler Smith,2009,,77.25,78.0,81.75,104.5,33.5,138.0,29.0,133.5,212.0,7.0,,,10.0,10.69,3.24
John Wall,2010,1.0,74.75,76.0,81.25,101.5,39.0,140.5,30.0,131.5,196.0,5.6,8.25,9.5,,10.84,3.14
Paul George,2010,10.0,79.75,80.75,83.25,107.0,,,,,214.0,5.0,8.5,9.0,4.0,,
Cole Aldrich,2010,11.0,81.0,83.25,88.75,111.5,28.0,139.5,23.0,134.5,236.0,8.5,9.0,9.25,10.0,11.48,3.35
Xavier Henry,2010,12.0,77.25,78.5,83.25,105.0,36.5,141.5,28.5,133.5,210.0,4.7,8.75,10.0,8.0,11.1,3.18
Ed Davis,2010,13.0,81.0,81.75,84.0,108.0,36.0,144.0,31.0,139.0,227.0,10.0,9.25,10.0,,11.7,3.21
Patrick Patterson,2010,14.0,80.0,81.25,85.25,107.0,33.5,140.5,28.5,135.5,240.0,5.3,9.25,10.25,17.0,11.14,3.25
Larry Sanders,2010,15.0,81.25,82.5,89.75,112.0,28.0,140.0,25.5,137.5,222.0,4.6,9.75,11.0,7.0,12.49,3.27
Luke Babbitt,2010,16.0,79.5,80.75,83.25,104.5,37.5,142.0,29.5,134.0,218.0,5.6,8.5,10.0,15.0,10.98,3.4
Eric Bledsoe,2010,18.0,72.25,73.5,79.5,98.0,,,,,192.0,5.6,8.5,9.75,9.0,,
Avery Bradley,2010,19.0,74.0,75.25,79.25,98.5,37.5,136.0,31.5,130.0,180.0,4.0,8.25,9.5,2.0,11.47,3.14
Evan Turner,2010,2.0,77.75,79.0,80.0,103.5,34.5,138.0,27.5,131.0,214.0,8.6,8.75,9.5,9.0,11.06,3.27
James Anderson,2010,20.0,76.75,77.75,80.5,104.0,35.5,139.5,30.0,134.0,208.0,7.9,9.0,7.0,14.0,11.86,3.19
Craig Brackins,2010,21.0,80.5,81.75,84.0,109.0,35.0,144.0,26.0,135.0,229.0,7.9,9.5,11.25,6.0,11.65,3.39
Trevor Booker,2010,23.0,78.25,79.5,81.75,106.0,36.0,142.0,31.0,137.0,236.0,7.3,9.0,9.5,22.0,11.15,3.1
Dominique Jones,2010,25.0,75.25,77.0,81.25,101.0,32.5,133.5,26.0,127.0,216.0,5.9,9.0,10.25,19.0,10.88,3.31
Jordan Crawford,2010,27.0,75.0,76.5,79.0,101.0,34.5,135.5,31.5,132.5,198.0,4.9,8.0,9.0,7.0,11.03,3.37
Daniel Orton,2010,29.0,80.75,81.5,88.25,110.5,30.5,141.0,24.0,134.5,269.0,13.8,8.5,9.75,13.0,12.32,3.39
Derrick Favors,2010,3.0,80.75,82.25,88.0,110.0,35.5,145.5,31.5,141.5,245.0,6.5,8.75,9.25,14.0,11.74,3.25
Lazar Hayward,2010,30.0,76.5,77.75,84.75,102.0,36.0,138.0,31.0,133.0,226.0,7.5,9.25,9.5,15.0,10.87,3.31
Dexter Pittman,2010,32.0,81.5,83.5,90.0,111.0,,,,,303.0,20.8,10.25,10.5,,,
Hassan Whiteside,2010,33.0,82.5,83.5,91.0,113.0,31.5,144.5,27.0,140.0,227.0,5.5,8.25,10.25,12.0,11.83,3.54
Armon Johnson,2010,34.0,74.0,75.25,80.0,99.5,38.5,138.0,31.5,131.0,195.0,5.6,8.25,9.25,18.0,11.25,3.19
Terrico White,2010,36.0,75.75,77.0,81.0,101.0,40.0,141.0,31.0,132.0,203.0,3.7,9.0,10.5,10.0,11.38,3.15
Darington Hobson,2010,37.0,77.25,78.5,81.25,104.5,34.0,138.5,29.0,133.5,204.0,6.2,8.25,9.0,,11.68,3.25
Andy Rautins,2010,38.0,76.25,77.0,79.0,100.0,30.5,130.5,23.5,123.5,192.0,6.2,8.0,9.75,8.0,11.27,3.49
Wesley Johnson,2010,4.0,78.25,79.25,85.0,106.0,37.0,143.0,32.0,138.0,206.0,4.6,9.0,9.5,16.0,11.43,3.14
Lance Stephenson,2010,40.0,76.5,77.75,82.5,103.0,33.0,136.0,27.0,130.0,227.0,9.3,9.0,10.25,10.0,11.39,3.38
Jarvis Varnado,2010,41.0,80.25,82.0,87.5,109.5,32.5,142.0,29.5,139.0,210.0,9.5,9.25,9.5,3.0,11.61,3.37
Devin Ebanks,2010,43.0,79.0,80.25,84.25,107.5,32.0,139.5,23.5,131.0,208.0,7.9,8.25,9.0,6.0,11.69,3.44
Jerome Jordan,2010,44.0,83.5,84.75,89.25,113.0,,,,,244.0,6.9,9.0,10.25,,,
Tiny Gallon,2010,47.0,80.5,81.5,88.5,109.5,28.5,138.0,23.5,133.0,302.0,15.1,9.25,10.5,14.0,13.44,3.7
Ryan Richards,2010,49.0,82.5,83.75,85.5,110.0,28.5,138.5,25.0,135.0,230.0,8.0,9.0,9.75,4.0,11.33,3.37
DeMarcus Cousins,2010,5.0,81.5,82.75,89.75,113.0,27.5,140.5,23.5,136.5,292.0,16.4,9.25,10.0,,11.4,3.55
Solomon Alabi,2010,50.0,83.5,84.75,89.0,113.0,26.0,139.0,22.5,135.5,237.0,5.0,9.25,9.25,10.0,13.2,3.68
Willie Warren,2010,54.0,74.5,75.75,78.0,99.5,31.5,131.0,23.0,122.5,208.0,7.6,8.5,9.5,10.0,11.21,3.5
Derrick Caracter,2010,58.0,80.25,81.5,84.25,107.25,30.5,137.75,25.0,132.25,280.0,12.8,9.0,10.25,22.0,12.78,3.61
Stanley Robinson,2010,59.0,78.5,79.75,84.0,107.5,37.5,145.0,,,213.0,8.3,9.0,9.0,6.0,11.65,3.23
Ekpe Udoh,2010,6.0,80.75,81.75,88.5,106.5,33.5,140.0,31.0,137.5,237.0,8.0,9.5,8.75,10.0,11.15,3.29
Greg Monroe,2010,7.0,81.75,83.0,86.25,108.5,29.0,137.5,25.0,133.5,247.0,11.2,8.75,9.5,15.0,12.1,3.35
Al-Farouq Aminu,2010,8.0,79.25,80.5,87.25,108.5,33.5,142.0,27.0,135.5,216.0,8.2,9.5,9.5,13.0,11.29,3.3
Gordon Hayward,2010,9.0,78.75,80.0,79.75,103.0,34.5,137.5,30.5,133.5,211.0,6.9,8.5,9.25,10.0,11.73,3.22
Artsiom Parakhouski,2010,,82.25,83.75,85.0,109.5,26.5,136.0,25.5,135.0,268.0,6.0,9.0,10.5,16.0,12.07,3.33
Charles Garcia,2010,,80.25,81.25,85.75,107.5,30.5,138.0,24.5,132.0,232.0,7.0,8.75,9.0,2.0,11.65,3.23
Jon Scheyer,2010,,76.75,78.0,75.25,99.0,,,,,180.0,5.4,7.75,9.5,,,
Manny Harris,2010,,76.0,77.5,79.25,102.0,,,,,185.0,3.8,8.5,9.0,11.0,,
Mikhail Torrance,2010,,76.0,,78.75,101.75,32.0,133.75,23.0,124.75,207.0,,8.75,9.5,8.0,11.43,3.17
Sherron Collins,2010,,70.25,71.75,74.5,94.0,33.0,127.0,27.5,121.5,217.0,9.2,8.5,9.5,,12.31,3.24
Sylven Landesberg,2010,,76.75,78.25,81.0,100.5,32.0,132.5,28.0,128.5,210.0,11.6,8.75,10.75,8.0,11.59,3.36
Jimmer Fredette,2011,10.0,72.75,74.5,76.5,96.5,33.0,129.5,28.0,124.5,196.0,7.7,8.0,8.5,14.0,10.42,3.21
Klay Thompson,2011,11.0,77.75,79.25,81.0,103.5,31.5,135.0,26.5,130.0,206.0,8.0,8.75,9.25,5.0,10.99,3.24
Alec Burks,2011,12.0,77.0,78.0,82.0,103.5,36.0,139.5,29.0,132.5,193.0,5.1,9.0,8.25,5.0,10.96,3.17
Markieff Morris,2011,13.0,79.75,81.25,82.75,106.5,31.5,138.0,27.0,133.5,241.0,10.2,8.5,8.25,11.0,,3.4
Marcus Morris,2011,14.0,79.0,80.75,82.0,105.5,33.0,138.5,29.0,134.5,230.0,8.0,8.25,8.5,11.0,,3.15
Kawhi Leonard,2011,15.0,78.0,79.0,87.0,106.0,32.0,138.0,25.5,131.5,227.0,5.4,9.75,11.25,3.0,11.45,3.15
Nikola Vucevic,2011,16.0,82.25,83.75,88.5,112.5,25.0,137.5,23.5,136.0,260.0,6.1,9.25,10.25,8.0,12.02,3.27
Iman Shumpert,2011,17.0,76.25,77.5,81.5,99.5,42.0,141.5,36.5,136.0,222.0,6.5,9.0,9.0,18.0,11.1,3.18
Chris Singleton,2011,18.0,79.75,81.0,85.0,103.5,37.5,141.0,30.5,134.0,230.0,7.4,9.25,10.0,15.0,11.33,3.09
Tobias Harris,2011,19.0,78.5,79.75,83.0,103.5,37.5,141.0,31.5,135.0,223.0,8.4,8.75,9.0,12.0,10.96,3.17
Derrick Williams,2011,2.0,79.25,80.75,85.5,108.0,34.5,142.5,29.0,137.0,248.0,10.8,9.0,9.75,19.0,11.03,3.23
Nolan Smith,2011,21.0,73.5,75.5,77.5,99.0,34.0,133.0,28.5,127.5,188.0,5.6,8.5,9.25,9.0,11.05,3.17
Kenneth Faried,2011,22.0,78.0,79.5,84.0,108.0,35.0,143.0,30.5,138.5,225.0,6.3,8.5,10.25,16.0,11.35,3.26
Marshon Brooks,2011,25.0,76.25,77.25,85.0,101.0,38.5,139.5,34.0,135.0,195.0,5.2,9.0,10.5,5.0,10.74,3.09
Jordan Hamilton,2011,26.0,78.75,80.5,81.5,104.0,32.0,136.0,25.0,129.0,228.0,9.8,9.0,9.25,7.0,11.47,3.3
JaJuan Johnson (Purdue),2011,27.0,81.0,82.0,86.0,107.5,38.0,145.5,33.5,141.0,220.0,7.5,9.0,10.0,15.0,11.21,3.14
Norris Cole,2011,28.0,72.25,73.75,74.25,95.5,38.5,134.0,29.5,125.0,174.0,4.7,8.5,9.5,11.0,10.07,3.22
Cory Joseph,2011,29.0,74.0,75.25,77.5,99.0,35.0,134.0,27.5,126.5,186.0,9.7,8.5,10.5,5.0,10.75,3.27
Enes Kanter,2011,3.0,81.75,83.25,85.5,109.5,32.5,142.0,26.0,135.5,259.0,5.9,9.5,10.75,14.0,11.3,3.26
Jimmy Butler,2011,30.0,78.0,79.75,79.5,101.5,39.0,140.5,32.0,133.5,222.0,5.4,9.0,9.0,14.0,11.92,3.15
Justin Harper,2011,32.0,80.0,80.75,83.75,106.0,33.0,139.0,28.5,134.5,228.0,4.0,9.0,9.25,19.0,11.92,3.3
Kyle Singler,2011,33.0,79.5,80.5,82.1,106.0,30.0,136.0,23.0,129.0,228.0,10.0,8.25,8.75,10.0,11.22,3.21
Shelvin Mack,2011,34.0,73.0,74.5,79.5,96.5,39.0,135.5,32.0,128.5,209.0,7.1,8.25,9.25,17.0,11.23,3.18
Tyler Honeycutt,2011,35.0,78.75,80.25,81.0,105.0,37.0,142.0,30.0,135.0,187.0,5.3,8.5,9.5,,11.68,3.07
Jordan Williams,2011,36.0,79.75,81.0,84.25,106.5,30.5,137.0,25.0,131.5,247.0,12.1,9.25,10.0,10.0,12.74,3.45
Trey Thompkins,2011,37.0,80.5,81.75,85.0,107.5,30.5,138.0,27.5,135.0,239.0,15.5,9.25,9.75,15.0,11.72,3.41
Chandler Parsons,2011,38.0,80.75,81.75,81.5,104.5,31.5,136.0,25.5,130.0,221.0,7.0,8.25,10.0,4.0,11.05,3.29
Jeremy Tyler,2011,39.0,81.0,82.5,89.0,110.5,33.5,144.0,28.0,138.5,262.0,13.4,9.25,9.0,10.0,11.26,3.29
Tristan Thompson,2011,4.0,79.5,80.75,85.25,108.5,35.0,143.5,30.0,138.5,227.0,6.2,8.75,9.25,9.0,10.92,3.26
Jon Leuer,2011,40.0,82.0,83.5,84.0,105.5,36.5,142.0,29.5,135.0,223.0,5.4,8.75,9.75,17.0,10.82,3.36
Darius Morris,2011,41.0,75.25,77.25,79.5,102.0,32.0,134.0,24.5,126.5,190.0,5.3,8.75,10.0,12.0,11.0,3.2
Malcolm Lee,2011,43.0,76.0,77.5,81.75,101.5,35.5,137.0,30.0,131.5,198.0,5.9,8.5,9.5,17.0,11.2,3.09
Charles Jenkins,2011,44.0,73.5,75.25,79.5,96.5,34.0,130.5,29.5,126.0,216.0,4.3,8.5,9.0,16.0,11.68,3.18
Andrew Goudelock,2011,46.0,73.25,74.75,76.25,96.5,37.0,133.5,32.5,129.0,198.0,9.9,8.25,9.25,4.0,10.33,3.1
Travis Leslie,2011,47.0,75.0,76.25,82.5,103.0,40.5,143.5,33.0,136.0,205.0,8.1,8.75,9.25,10.0,11.0,3.13
Keith Benson,2011,48.0,82.0,83.0,87.75,109.5,36.0,145.5,31.5,141.0,217.0,6.1,9.5,11.0,12.0,11.88,3.35
Josh Selby,2011,49.0,73.75,75.0,77.25,98.0,42.0,140.0,29.5,127.5,195.0,7.9,8.5,9.0,5.0,11.13,3.2
Jon Diebler,2011,51.0,77.25,78.5,78.0,99.0,35.0,134.0,28.0,127.0,197.0,8.5,8.25,8.25,2.0,10.94,3.37
DeAndre Liggins,2011,53.0,77.0,78.25,83.0,103.5,31.0,134.5,27.0,130.5,202.0,5.0,8.75,10.0,6.0,,3.33
E'Twaun Moore,2011,55.0,74.5,76.0,81.5,99.5,34.5,134.0,32.0,131.5,191.0,7.6,9.0,10.0,,11.12,3.31
Isaiah Thomas,2011,60.0,68.75,70.25,73.75,91.5,40.0,131.5,31.5,123.0,186.0,6.7,8.25,9.0,13.0,10.49,3.14
Brandon Knight,2011,8.0,73.5,75.25,78.75,98.5,37.5,136.0,29.0,127.5,177.0,4.2,8.25,9.5,10.0,10.74,3.07
Kemba Walker,2011,9.0,71.5,73.0,75.5,91.5,39.5,131.0,32.0,123.5,184.0,5.9,8.0,9.0,7.0,10.87,3.16
David Lighty,2011,,76.75,78.5,80.0,101.0,33.0,134.0,28.5,129.5,216.0,6.5,9.0,10.0,15.0,10.81,3.25
Demetri McCamey,2011,,73.75,75.25,78.25,99.5,33.0,132.5,27.0,126.5,204.0,6.1,8.5,9.0,,11.55,3.19
Greg Smith,2011,,80.0,81.25,86.5,106.5,36.0,142.5,29.5,136.0,253.0,7.4,9.75,12.0,17.0,12.43,3.36
Jamie Skeen,2011,,78.5,80.0,85.25,106.5,30.5,137.0,26.0,132.5,242.0,9.8,8.5,8.5,10.0,12.43,3.46
Jereme Richmond,2011,,78.0,79.25,82.25,106.5,33.5,140.0,27.0,133.5,207.0,5.5,8.75,9.5,,11.74,3.02
LaceDarius Dunn,2011,,75.0,76.0,78.25,101.0,31.0,132.0,26.5,127.5,188.0,5.5,9.0,10.25,3.0,11.45,3.27
Malcolm Thomas,2011,,79.5,80.75,84.5,107.5,36.5,144.0,32.0,139.5,223.0,5.9,9.5,10.5,5.0,11.31,3.29
Michael Dunigan,2011,,80.5,82.0,87.25,107.5,34.5,142.0,29.5,137.0,238.0,8.0,9.0,10.75,10.0,11.85,3.27
Rick Jackson,2011,,80.25,81.25,86.0,106.5,33.0,139.5,28.5,135.0,242.0,8.3,8.75,9.5,9.0,11.51,3.26
Scotty Hopson,2011,,77.75,78.5,82.5,103.5,36.0,139.5,32.5,136.0,205.0,4.8,8.5,10.0,10.0,10.47,3.18
Anthony Davis,2012,1.0,81.25,82.5,89.5,108.0,,,,,222.0,7.9,9.0,8.5,,,
Austin Rivers,2012,10.0,75.5,77.0,79.25,96.5,37.5,134.0,32.5,129.0,203.0,6.2,8.5,10.0,1.0,11.54,3.32
Meyers Leonard,2012,11.0,83.75,85.25,87.0,108.0,32.5,140.5,30.0,138.0,250.0,5.7,9.25,11.0,19.0,11.34,3.41
Jeremy Lamb,2012,12.0,76.0,77.25,83.0,102.0,38.0,140.0,31.5,133.5,179.0,4.5,8.75,9.25,5.0,10.98,3.25
Kendall Marshall,2012,13.0,75.25,76.25,77.5,96.0,37.0,133.0,31.0,127.0,198.0,7.8,8.5,9.0,,12.03,3.23
John Henson,2012,14.0,81.0,82.5,89.0,112.0,30.0,142.0,25.5,137.5,216.0,8.6,9.25,10.0,5.0,,
Moe Harkless,2012,15.0,79.25,80.75,84.0,102.5,37.0,139.5,32.5,135.0,207.0,5.3,9.25,10.25,5.0,10.87,3.25
Royce White,2012,16.0,79.0,80.0,84.0,104.5,,,,,261.0,10.6,9.5,11.5,,,
Tyler Zeller,2012,17.0,83.25,84.5,84.0,104.5,34.0,138.5,30.0,134.5,247.0,6.4,9.0,9.75,16.0,11.13,3.4
Terrence Jones,2012,18.0,80.25,81.5,86.25,107.0,34.5,141.5,29.5,136.5,252.0,7.7,9.0,10.0,12.0,11.57,3.4
Andrew Nicholson,2012,19.0,80.5,81.5,88.0,107.0,30.5,137.5,28.5,135.5,234.0,7.6,10.0,10.75,10.0,11.89,3.67
Michael Kidd-Gilchrist,2012,2.0,77.75,79.5,84.0,104.5,35.5,140.0,32.0,136.5,233.0,7.0,9.0,10.25,6.0,11.77,3.18
Jared Sullinger,2012,21.0,79.75,81.0,85.25,105.5,31.0,136.5,29.5,135.0,268.0,10.7,9.25,9.75,9.0,12.77,3.81
Fab Melo,2012,22.0,82.75,84.0,86.5,110.0,31.0,141.0,29.5,139.5,255.0,9.2,9.0,10.0,9.0,12.14,3.44
John Jenkins,2012,23.0,75.25,76.25,80.5,98.0,36.5,134.5,30.5,128.5,212.0,7.1,9.0,9.0,10.0,11.36,3.37
Jared Cunningham,2012,24.0,75.5,77.0,78.5,98.0,,,,,188.0,3.6,8.25,9.0,4.0,,
Tony Wroten,2012,25.0,76.75,78.0,81.0,101.0,35.5,136.5,30.0,131.0,203.0,5.2,8.0,9.0,,10.75,3.24
Miles Plumlee,2012,26.0,82.5,83.75,84.75,105.5,40.5,146.0,34.0,139.5,252.0,11.4,9.25,9.0,15.0,10.64,3.36
Arnett Moultrie,2012,27.0,81.5,82.75,86.25,106.5,37.5,144.0,33.5,140.0,233.0,7.7,9.25,9.25,10.0,11.32,3.22
Perry Jones,2012,28.0,82.25,83.25,85.75,107.0,38.5,145.5,33.0,140.0,234.0,4.6,9.25,9.5,11.0,11.31,3.19
Marquis Teague,2012,29.0,73.0,74.0,79.25,96.5,40.5,137.0,32.5,129.0,180.0,6.3,8.25,7.75,8.0,10.65,3.19
Bradley Beal,2012,3.0,75.25,76.75,80.0,100.0,39.0,139.0,33.0,133.0,202.0,6.0,8.5,9.0,8.0,10.95,3.28
Festus Ezeli,2012,30.0,81.75,83.5,89.75,108.0,33.5,141.5,34.0,142.0,264.0,5.5,9.0,10.75,18.0,12.35,3.29
Jeff Taylor,2012,31.0,78.0,79.25,78.25,101.5,40.0,141.5,33.5,135.0,213.0,4.2,8.25,9.75,15.0,10.87,3.29
Tomas Satoransky,2012,32.0,78.5,79.5,79.25,100.0,,,,,201.0,5.2,8.5,9.5,,,
Bernard James,2012,33.0,80.75,82.0,87.0,108.5,32.5,141.0,30.0,138.5,230.0,5.0,9.0,9.25,6.0,11.84,3.4
Jae Crowder,2012,34.0,76.75,78.5,81.25,99.5,34.5,134.0,31.0,130.5,241.0,9.0,9.5,10.5,20.0,11.45,3.37
Draymond Green,2012,35.0,77.75,79.5,85.25,105.0,33.0,138.0,28.0,133.0,236.0,11.3,9.0,9.5,9.0,11.01,3.4
Orlando Johnson,2012,36.0,75.75,77.25,83.25,99.0,39.5,138.5,32.0,131.0,224.0,7.0,9.0,9.5,13.0,10.98,3.25
Quincy Acy,2012,37.0,78.5,79.75,86.75,106.5,37.0,143.5,32.0,138.5,224.0,7.1,9.5,11.0,13.0,10.48,3.28
Quincy Miller,2012,38.0,80.75,82.0,85.25,105.0,36.0,141.0,30.5,135.5,219.0,7.8,9.25,10.25,8.0,11.05,3.48
Khris Middleton,2012,39.0,78.75,80.25,82.75,103.0,31.0,134.0,28.0,131.0,216.0,7.8,9.0,9.0,4.0,11.45,3.47
Dion Waiters,2012,4.0,74.5,76.0,79.25,98.0,,,,,221.0,8.5,8.5,9.5,,,
Will Barton,2012,40.0,77.0,78.0,81.75,102.5,34.0,136.5,30.0,132.5,174.0,4.1,9.0,9.5,,12.5,3.6
Tyshawn Taylor,2012,41.0,74.75,76.0,78.25,97.5,36.5,134.0,32.0,129.5,177.0,4.2,8.75,8.75,,11.48,3.2
Doron Lamb,2012,42.0,75.25,76.75,78.75,98.5,33.5,132.0,29.0,127.5,199.0,6.7,8.5,8.75,2.0,11.12,3.41
Mike Scott,2012,43.0,79.25,80.75,82.75,104.0,32.5,136.5,27.0,131.0,241.0,10.6,8.5,9.0,14.0,11.59,3.44
Kim English,2012,44.0,76.5,77.75,78.5,98.0,36.5,134.5,29.0,127.0,192.0,4.3,8.5,8.75,,10.59,3.33
Darius Miller,2012,46.0,78.0,79.5,81.0,101.0,37.0,138.0,33.0,134.0,233.0,7.5,8.5,8.75,14.0,11.34,3.31
Kevin Murphy,2012,47.0,77.0,78.25,78.75,99.0,36.5,135.5,31.0,130.0,194.0,5.8,8.5,8.5,11.0,10.97,3.42
Kyle O'Quinn,2012,49.0,80.5,82.0,88.75,106.5,31.5,138.0,31.5,138.0,241.0,8.0,9.5,10.0,,11.65,3.53
Thomas Robinson,2012,5.0,79.75,80.75,87.25,106.0,35.5,141.5,28.5,134.5,244.0,5.0,9.75,10.5,15.0,11.96,3.17
Kris Joseph,2012,51.0,78.0,79.0,83.0,104.0,35.0,139.0,28.5,132.5,215.0,8.6,9.0,9.0,6.0,,3.46
Darius Johnson-Odom,2012,55.0,73.5,75.0,79.0,96.0,41.5,137.5,33.5,129.5,212.0,7.0,8.75,8.75,17.0,10.76,3.21
Robbie Hummel,2012,58.0,79.25,80.5,80.5,102.0,30.0,132.0,27.5,129.5,218.0,9.4,8.5,9.5,13.0,11.56,3.41
Marcus Denmon,2012,59.0,74.25,75.25,77.0,94.5,40.0,134.5,33.5,128.0,188.0,6.6,8.25,9.75,8.0,10.82,3.19
Damian Lillard,2012,6.0,73.75,74.75,79.75,95.5,39.5,135.0,34.5,130.0,189.0,5.9,8.75,9.75,13.0,11.15,3.34
Harrison Barnes,2012,7.0,79.0,80.0,83.25,101.5,39.5,141.0,38.0,139.5,228.0,9.6,9.0,8.5,15.0,10.93,3.16
Terrence Ross,2012,8.0,78.0,79.0,79.25,100.5,37.5,138.0,31.0,131.5,197.0,3.2,8.75,10.25,2.0,11.78,3.28
Andre Drummond,2012,9.0,81.75,83.75,90.25,109.5,33.5,143.0,31.5,141.0,279.0,7.5,9.5,9.5,10.0,10.83,3.39
Drew Gordon,2012,,80.0,80.75,83.5,103.5,34.0,137.5,29.0,132.5,239.0,9.1,8.5,9.75,10.0,11.35,3.49
Henry Sims,2012,,82.0,83.75,88.0,108.0,29.5,137.5,26.5,134.5,241.0,7.7,9.25,10.0,7.0,12.33,3.44
Hollis Thompson,2012,,78.75,80.0,81.5,102.5,36.5,139.0,28.5,131.0,206.0,6.0,8.25,9.75,6.0,11.72,3.38
J'Covan Brown,2012,,73.0,74.25,77.25,96.0,29.5,125.5,26.0,122.0,202.0,12.5,7.75,8.25,3.0,11.68,3.47
JaMychal Green,2012,,80.0,81.0,86.25,106.5,32.5,139.0,29.5,136.0,217.0,9.8,9.25,9.25,19.0,10.63,3.38
Jordan Taylor,2012,,73.0,74.0,75.0,92.5,36.5,129.0,33.0,125.5,193.0,5.5,8.25,9.5,14.0,10.57,3.19
Kevin Jones,2012,,78.25,79.5,85.5,105.0,32.5,137.5,27.5,132.5,251.0,11.2,9.0,7.75,17.0,11.94,3.6
Scott Machado,2012,,73.0,74.0,76.0,94.5,32.5,127.0,27.0,121.5,206.0,5.8,8.5,9.5,17.0,11.26,3.3
Tony Mitchell (Alabama),2012,,77.25,78.25,82.0,100.0,40.0,140.0,31.5,131.5,216.0,5.7,8.5,10.0,14.0,11.72,3.47
Tu Holloway,2012,,70.5,71.75,77.5,94.5,35.0,129.5,28.0,122.5,187.0,8.5,8.75,10.0,12.0,11.0,3.42
William Buford,2012,,76.0,77.0,81.5,102.0,32.5,134.5,27.5,129.5,215.0,11.3,8.75,10.0,8.0,11.4,3.43
C.J. McCollum,2013,10.0,74.25,75.25,78.25,96.5,38.5,135.0,32.0,128.5,197.0,8.6,8.0,9.5,13.0,11.02,3.32
Michael Carter-Williams,2013,11.0,76.75,77.75,79.25,101.0,41.0,142.0,31.5,132.5,184.0,4.4,7.5,8.5,8.0,10.68,3.22
Steven Adams,2013,12.0,82.75,84.0,88.5,109.5,33.0,142.5,28.5,138.0,255.0,6.7,9.5,11.0,16.0,11.85,3.4
Kelly Olynyk,2013,13.0,82.75,84.0,81.75,108.0,29.5,137.5,24.5,132.5,234.0,6.7,8.5,10.0,5.0,11.42,3.59
Shabazz Muhammad,2013,14.0,76.75,78.25,83.0,104.5,37.0,141.5,29.5,134.0,222.0,9.0,9.0,10.0,10.0,10.99,3.32
Dennis Schroeder,2013,17.0,73.0,74.0,79.75,98.0,34.0,132.0,30.0,128.0,165.0,4.1,8.75,10.5,1.0,11.09,3.21
Shane Larkin,2013,18.0,70.25,71.5,70.75,89.5,44.0,133.5,34.5,124.0,171.0,3.8,7.5,8.75,12.0,10.64,3.08
Victor Oladipo,2013,2.0,75.25,76.25,81.25,100.5,42.0,142.5,33.0,133.5,213.0,6.6,8.75,9.25,15.0,10.69,3.25
Tony Snell,2013,20.0,78.0,79.25,83.5,105.5,36.5,142.0,30.0,135.5,198.0,4.9,9.0,9.5,7.0,10.36,3.25
Gorgui Dieng,2013,21.0,81.75,82.75,87.5,111.5,,,,,230.0,5.4,9.0,10.0,,,
Mason Plumlee,2013,22.0,83.25,84.5,83.0,108.0,36.0,144.0,30.5,138.5,238.0,6.2,9.75,9.5,14.0,10.89,3.29
Solomon Hill,2013,23.0,77.5,79.0,81.0,103.0,37.5,140.5,29.5,132.5,226.0,7.6,9.0,10.5,14.0,10.77,3.19
Tim Hardaway Jr,2013,24.0,76.5,78.25,79.0,101.0,37.5,138.5,31.5,132.5,199.0,6.1,8.0,9.25,16.0,10.68,3.25
Reggie Bullock,2013,25.0,77.75,79.0,80.75,102.0,36.5,138.5,31.0,133.0,200.0,7.0,8.5,9.0,11.0,11.33,3.31
Andre Roberson,2013,26.0,78.25,79.0,83.0,104.5,36.5,141.0,30.0,134.5,206.0,7.1,8.75,9.5,10.0,11.36,3.34
Rudy Gobert,2013,27.0,84.5,86.0,92.5,115.0,29.0,144.0,25.0,140.0,238.0,4.4,9.75,10.0,7.0,12.85,3.57
Archie Goodwin,2013,29.0,75.75,77.25,81.5,102.0,36.0,138.0,30.0,132.0,189.0,4.6,8.5,9.0,1.0,10.75,3.27
Otto Porter,2013,3.0,79.5,80.5,85.5,105.5,36.0,141.5,27.0,132.5,198.0,6.7,8.75,9.25,9.0,11.25,3.4
Allen Crabbe,2013,31.0,77.25,78.25,83.25,103.5,36.0,139.5,30.5,134.0,197.0,4.7,8.25,8.5,10.0,10.67,3.32
Carrick Felix,2013,33.0,76.75,78.25,81.25,103.5,38.5,142.0,32.0,135.5,203.0,3.3,8.5,9.5,15.0,11.16,3.25
Isaiah Canaan,2013,34.0,71.0,72.0,76.5,94.5,40.5,135.0,33.0,127.5,188.0,5.9,8.25,9.5,16.0,10.98,3.22
Glen Rice,2013,35.0,76.5,77.75,81.25,101.5,40.5,142.0,33.0,134.5,211.0,8.5,8.5,9.0,10.0,10.99,3.25
Ray McCallum,2013,36.0,72.25,73.75,75.25,96.5,40.0,136.5,30.5,127.0,191.0,7.3,8.0,8.75,5.0,10.82,3.25
Tony Mitchell,2013,37.0,79.5,80.75,86.5,106.5,38.0,144.5,33.5,140.0,236.0,5.6,9.0,10.0,13.0,11.82,3.52
Nate Wolters,2013,38.0,75.5,76.75,75.75,98.0,,,,,196.0,5.5,8.25,8.75,8.0,,
Jeff Withey,2013,39.0,82.75,84.5,86.0,110.5,29.0,139.5,26.5,137.0,222.0,8.7,9.0,9.75,10.0,12.49,3.47
Cody Zeller,2013,4.0,82.75,84.25,82.75,106.0,37.5,143.5,35.5,141.5,230.0,4.8,8.5,10.5,17.0,10.82,3.15
Grant Jerrett,2013,40.0,80.75,82.25,86.0,109.0,34.0,143.0,28.5,137.5,232.0,10.1,8.5,9.25,2.0,11.85,3.51
Jamaal Franklin,2013,41.0,76.0,77.25,83.25,103.5,,,,,191.0,8.3,8.5,8.25,,,
Pierre Jackson,2013,42.0,69.5,70.5,70.0,90.0,,,,,176.0,4.5,7.5,8.25,,,
Ricky Ledo,2013,43.0,76.75,78.0,79.25,102.5,33.5,136.0,27.0,129.5,197.0,10.3,8.5,9.25,4.0,10.72,3.32
Mike Muscala,2013,44.0,82.25,83.5,85.0,108.0,33.5,141.5,28.0,136.0,230.0,6.8,8.5,9.0,5.0,11.76,3.44
Erick Green,2013,46.0,73.5,75.0,77.75,98.0,,,,,178.0,4.4,8.5,9.0,5.0,,
Ryan Kelly,2013,48.0,81.75,83.75,83.5,110.0,,,,,228.0,14.8,9.0,10.0,,,
Erik Murphy,2013,49.0,80.75,81.5,82.5,108.0,29.5,137.5,24.5,132.5,240.0,8.0,8.75,9.75,13.0,12.19,3.57
James Ennis,2013,50.0,77.75,79.0,83.5,104.5,36.5,141.0,29.5,134.0,201.0,4.5,8.5,8.75,7.0,11.55,3.4
Lorenzo Brown,2013,52.0,76.0,77.25,79.0,100.0,34.0,134.0,28.0,128.0,189.0,4.0,8.25,8.5,8.0,11.78,3.4
Colton Iverson,2013,53.0,82.5,84.0,86.0,110.0,,,,,263.0,9.6,9.25,9.5,12.0,,
Peyton Siva,2013,56.0,71.5,73.0,75.0,93.0,41.5,134.5,33.5,126.5,181.0,6.1,8.0,9.75,15.0,10.59,3.16
Deshaun Thomas,2013,58.0,77.0,79.0,82.0,104.0,32.0,136.0,28.5,132.5,220.0,9.1,8.0,8.75,5.0,12.94,3.53
Nerlens Noel,2013,6.0,82.0,83.75,87.75,110.0,,,,,206.0,4.2,9.5,10.0,,,
Ben McLemore,2013,7.0,75.5,76.75,79.75,100.5,42.0,142.5,32.5,133.0,189.0,5.0,8.75,9.5,6.0,11.87,3.27
Kentavious Caldwell-Pope,2013,8.0,76.5,77.5,80.0,100.5,34.5,135.0,29.0,129.5,204.0,6.5,8.5,9.0,7.0,10.6,3.12
Trey Burke,2013,9.0,71.75,73.25,77.5,97.5,36.5,134.0,29.5,127.0,187.0,6.9,8.25,8.75,3.0,11.2,3.16
Adonis Thomas,2013,,76.75,77.75,85.0,99.0,40.5,139.5,34.5,133.5,232.0,7.5,9.25,9.5,13.0,11.66,3.32
B.J. Young,2013,,74.25,75.5,80.25,99.0,,,,,179.0,4.7,8.5,9.5,,,
Brandon Davies,2013,,80.5,82.25,85.5,108.5,31.5,140.0,26.0,134.5,242.0,8.6,9.0,11.0,7.0,11.22,3.5
Brandon Paul,2013,,74.75,76.0,82.25,98.0,39.5,137.5,33.5,131.5,201.0,5.3,8.5,9.5,15.0,11.16,3.37
C.J. Leslie,2013,,79.5,80.75,86.25,104.5,40.5,145.0,32.5,137.0,209.0,8.0,8.75,9.0,,10.19,3.1
DeWayne Dedmon,2013,,82.0,83.5,88.0,109.0,32.5,141.5,28.0,137.0,239.0,8.4,9.0,11.0,8.0,12.75,3.4
Jackie Carmichael,2013,,79.5,81.0,85.5,107.0,32.0,139.0,30.0,137.0,241.0,5.8,9.0,10.25,13.0,11.83,3.35
James Southerland,2013,,79.0,80.0,85.0,106.0,32.0,138.0,29.0,135.0,221.0,8.1,8.0,9.5,5.0,10.9,3.38
Kenny Kadji,2013,,80.75,82.0,87.0,106.5,38.0,144.5,34.0,140.5,242.0,7.5,9.0,10.25,9.0,11.47,3.44
Myck Kabongo,2013,,73.25,74.75,78.25,98.0,33.5,131.5,27.5,125.5,180.0,6.0,8.25,9.0,2.0,10.64,3.34
Norvel Pelle,2013,,81.5,82.5,86.5,109.0,34.5,143.5,31.0,140.0,207.0,5.2,8.75,9.5,,11.49,3.32
Phil Pressey,2013,,69.5,71.5,74.25,92.0,38.5,130.5,33.0,125.0,177.0,4.7,7.75,9.75,7.0,10.86,3.13
Richard Howell,2013,,78.25,79.5,82.25,105.5,,,,,250.0,8.8,8.75,9.5,,,
Robert Covington,2013,,78.25,79.5,85.75,106.0,36.0,142.0,29.5,135.5,209.0,4.7,9.0,8.5,9.0,11.69,3.34
Seth Curry,2013,,73.0,75.0,76.0,97.5,,,,,179.0,9.6,8.0,8.25,,,
Trevor Mbakwe,2013,,78.75,80.0,88.0,106.5,36.5,143.0,30.0,136.5,236.0,5.9,9.5,11.5,21.0,12.01,3.32
Vander Blue,2013,,75.5,77.25,78.0,100.5,37.5,138.0,28.0,128.5,197.0,4.6,8.5,9.5,4.0,10.4,3.14
Will Clyburn,2013,,77.75,79.0,84.25,105.0,34.5,139.5,28.0,133.0,210.0,6.9,9.25,10.25,3.0,11.68,3.38
Elfrid Payton,2014,10.0,74.5,75.75,80.0,98.5,35.5,134.0,31.5,130.0,185.0,5.7,8.75,9.0,,11.06,3.23
Doug McDermott,2014,11.0,78.25,79.75,81.25,103.0,36.5,139.5,28.5,131.5,218.0,7.1,8.75,9.75,,11.1,3.29
Zach LaVine,2014,13.0,76.5,77.75,80.25,100.0,41.5,141.5,33.5,133.5,181.0,4.7,8.25,8.75,,10.42,3.19
T.J. Warren,2014,14.0,79.0,80.25,82.25,104.0,35.5,139.5,27.0,131.0,220.0,8.0,8.75,9.0,,11.1,3.26
Adreian Payne,2014,15.0,81.0,81.75,88.0,109.0,,,,,239.0,7.6,9.25,9.5,,,
James Young,2014,17.0,77.25,78.75,84.0,104.0,35.5,139.5,28.0,132.0,213.0,5.1,9.0,9.5,,,
Tyler Ennis,2014,18.0,73.0,74.5,79.25,98.0,36.0,134.0,29.0,127.0,182.0,6.2,8.25,8.75,,11.12,3.3
Gary Harris,2014,19.0,74.5,76.5,78.75,96.0,,,,,205.0,4.6,8.5,9.5,,,
Jordan Adams,2014,22.0,75.5,76.75,82.0,102.0,29.5,131.5,24.5,126.5,209.0,10.8,8.5,7.5,,12.13,3.5
Rodney Hood,2014,23.0,79.25,80.5,80.5,103.0,36.0,139.0,29.0,132.0,208.0,7.5,8.5,8.5,,11.21,3.38
Shabazz Napier,2014,24.0,71.0,73.0,75.25,93.0,37.5,130.5,30.5,123.5,175.0,7.4,8.25,8.5,,11.6,3.2
P.J. Hairston,2014,26.0,76.25,77.25,81.0,101.0,37.0,138.0,32.0,133.0,229.0,8.2,8.75,9.75,,11.12,3.32
C.J. Wilcox,2014,28.0,75.5,77.0,81.75,100.5,37.5,138.0,31.0,131.5,201.0,6.5,8.75,9.0,,11.3,3.22
Kyle Anderson,2014,30.0,79.5,80.5,86.75,107.5,,,,,230.0,13.4,8.25,8.75,,,
K.J. McDaniels,2014,32.0,76.5,78.0,83.25,102.0,37.0,139.0,33.0,135.0,196.0,4.5,8.75,9.75,,12.71,3.1
Joe Harris,2014,33.0,76.75,78.25,78.0,100.0,33.5,133.5,28.5,128.5,215.0,6.2,8.5,9.75,,11.11,3.31
Cleanthony Early,2014,34.0,78.0,79.25,82.75,101.5,40.0,141.5,34.0,135.5,209.0,4.5,8.5,9.0,,11.15,3.18
Jarnell Stokes,2014,35.0,79.0,80.5,85.25,103.5,36.0,139.5,31.0,134.5,263.0,8.2,9.75,10.5,,11.92,3.26
Johnny O'Bryant,2014,36.0,79.25,80.5,86.25,105.0,35.5,140.5,31.0,136.0,257.0,10.8,9.25,9.5,,11.57,3.45
DeAndre Daniels,2014,37.0,79.25,80.5,86.0,106.5,32.0,138.5,26.5,133.0,196.0,3.9,9.25,10.5,,11.46,3.44
Spencer Dinwiddie,2014,38.0,76.5,78.0,80.25,103.0,,,,,205.0,5.4,8.25,9.0,,,
Jerami Grant,2014,39.0,78.5,79.75,86.75,107.0,,,,,214.0,3.8,9.25,9.25,,,
Aaron Gordon,2014,4.0,79.5,80.75,83.75,105.0,39.0,144.0,32.5,137.5,220.0,5.1,8.75,10.5,,10.81,3.27
Glenn Robinson,2014,40.0,77.5,78.75,82.0,100.5,41.5,142.0,36.5,137.0,211.0,5.1,9.0,9.5,,11.22,3.15
Nick Johnson,2014,42.0,73.5,75.0,79.25,96.5,41.5,138.0,33.5,130.0,198.0,6.1,8.75,9.75,,10.8,3.27
Markel Brown,2014,44.0,74.5,75.5,80.75,100.0,43.5,143.5,36.5,136.5,184.0,4.2,8.25,9.75,,12.62,3.18
Dwight Powell,2014,45.0,81.5,83.0,84.5,105.0,35.0,140.0,28.5,133.5,234.0,6.2,9.0,9.25,,11.28,3.2
Jordan Clarkson,2014,46.0,75.25,77.0,80.0,98.0,38.5,136.5,33.0,131.0,186.0,4.3,8.25,9.0,,10.76,3.28
Russ Smith,2014,47.0,71.5,72.75,75.5,95.0,34.0,129.0,29.5,124.5,160.0,3.5,8.25,8.5,,11.57,3.27
Lamar Patterson,2014,48.0,76.0,77.25,83.0,101.0,32.5,133.5,27.5,128.5,226.0,10.8,9.0,9.25,,11.63,3.45
Cameron Bairstow,2014,49.0,80.75,81.75,84.75,107.0,33.5,140.5,31.0,138.0,252.0,8.7,8.75,9.0,,11.39,3.37
Dante Exum,2014,5.0,76.5,78.0,81.5,103.0,34.5,137.5,31.5,134.5,196.0,6.4,8.5,9.5,,10.75,3.19
Alec Brown,2014,50.0,84.25,85.25,85.5,109.0,30.0,139.0,27.0,136.0,231.0,7.7,9.25,8.75,,12.05,3.48
Thanasis Antetokounmpo,2014,51.0,77.25,78.25,84.0,104.5,39.5,144.0,31.5,136.0,205.0,6.1,9.0,9.75,,11.39,3.18
Semaj Christon,2014,55.0,73.5,75.25,78.5,99.0,36.5,135.5,30.5,129.5,186.0,5.3,8.5,8.25,,11.55,3.32
Devyn Marble,2014,56.0,77.0,78.5,81.0,102.0,35.0,137.0,29.0,131.0,192.0,6.9,8.25,8.5,,11.32,3.28
Jordan McRae,2014,58.0,75.75,77.25,84.5,104.0,34.5,138.5,27.5,131.5,179.0,5.2,8.75,8.5,,11.07,3.39
Xavier Thames,2014,59.0,74.25,75.5,76.0,96.0,32.5,128.5,29.0,125.0,187.0,6.4,8.25,9.0,,11.48,3.48
Marcus Smart,2014,6.0,74.0,75.25,81.25,99.0,36.0,135.0,33.0,132.0,227.0,10.6,9.0,8.75,,10.82,3.26
Cory Jefferson,2014,60.0,79.75,81.0,84.5,105.0,37.5,142.5,33.0,138.0,218.0,5.3,8.75,9.75,,12.63,3.36
Julius Randle,2014,7.0,79.75,81.0,84.0,105.5,35.5,141.0,29.0,134.5,250.0,9.4,8.75,8.25,,11.45,3.27
Nik Stauskas,2014,8.0,77.25,78.5,79.75,102.0,35.5,137.5,29.0,131.0,207.0,12.1,8.5,8.5,,10.79,3.27
Noah Vonleh,2014,9.0,80.0,81.5,88.25,108.0,37.0,145.0,31.0,139.0,247.0,7.3,9.75,11.75,,11.45,3.28
Aaron Craft,2014,,72.75,73.75,74.0,94.5,32.0,126.5,29.0,123.5,192.0,6.1,7.75,8.5,,10.78,3.26
Alex Kirk,2014,,81.25,82.75,87.5,109.5,31.5,141.0,28.5,138.0,252.0,13.6,9.25,10.5,,11.2,3.48
C.J. Fair,2014,,78.5,80.0,81.5,104.0,35.0,139.0,27.0,131.0,218.0,5.1,9.0,9.0,,11.0,3.32
DeAndre Kane,2014,,74.75,76.5,80.0,99.0,35.5,134.5,31.5,130.5,200.0,5.0,8.25,9.0,,10.95,3.16
Deonte Burton,2014,,72.0,73.25,79.0,97.5,39.5,137.0,29.0,126.5,193.0,7.7,8.25,8.0,,11.28,3.28
Isaiah Austin,2014,,83.5,84.5,88.5,112.5,29.5,142.0,26.5,139.0,220.0,7.5,8.75,8.75,,11.0,3.55
Jabari Brown,2014,,75.0,76.25,80.25,100.0,32.0,132.0,28.0,128.0,202.0,6.1,9.0,9.25,,11.6,3.5
Jahii Carson,2014,,69.75,71.0,74.0,93.0,43.5,136.5,33.5,126.5,180.0,6.5,7.5,8.75,,11.26,3.24
James McAdoo,2014,,79.5,80.75,86.25,106.5,34.0,140.5,29.5,136.0,228.0,6.2,9.25,9.0,,11.61,3.28
Jordan Bachynski,2014,,85.25,86.0,88.0,108.5,33.0,141.5,29.0,137.5,254.0,7.5,9.25,10.0,,12.15,3.36
Kendall Williams,2014,,74.25,75.75,77.5,99.0,33.0,132.0,27.0,126.0,183.0,7.2,8.0,7.75,,10.83,
Khem Birch,2014,,79.5,81.25,85.0,107.0,35.5,142.5,30.5,137.5,209.0,6.0,9.0,8.5,,11.6,3.26
LaQuinton Ross,2014,,78.5,79.5,85.75,106.0,31.0,137.0,25.0,131.0,239.0,16.3,8.75,9.75,,11.97,3.44
Melvin Ejim,2014,,77.25,79.0,83.25,103.5,35.0,138.5,29.5,133.0,219.0,6.5,8.75,9.25,,11.55,3.14
Patric Young,2014,,80.5,82.0,85.75,103.5,37.5,141.0,32.0,135.5,247.0,5.5,9.25,9.5,,11.18,3.43
Sean Kilpatrick,2014,,74.5,76.25,79.0,99.0,,,,,219.0,9.2,9.0,9.0,,,
Justise Winslow,2015,10.0,76.5,78.5,82.25,104.5,,,,,222.0,5.3,8.5,9.25,,,
Myles Turner,2015,11.0,81.75,83.5,88.0,112.0,,,,,239.0,9.3,9.25,9.25,,,
Trey Lyles,2015,12.0,81.0,82.25,85.5,108.0,,,,,241.0,12.1,9.25,10.25,,,
Devin Booker,2015,13.0,76.5,77.75,80.25,102.5,34.5,137.0,27.5,130.0,206.0,8.3,8.75,9.0,8.0,10.22,3.28
Cameron Payne,2015,14.0,72.75,73.5,79.25,97.5,35.5,133.0,30.0,127.5,183.0,6.3,8.5,8.25,,10.89,3.28
Kelly Oubre,2015,15.0,77.75,78.75,86.25,102.5,37.0,139.5,34.5,137.0,203.0,5.7,9.0,8.75,7.0,11.1,3.32
Terry Rozier,2015,16.0,72.75,74.25,80.25,98.5,38.0,136.5,33.0,131.5,190.0,5.6,8.25,8.75,7.0,10.88,3.15
Rashad Vaughn,2015,17.0,75.75,77.0,79.0,101.0,34.0,135.0,28.0,129.0,199.0,6.2,8.0,8.5,5.0,11.41,3.21
Sam Dekker,2015,18.0,79.75,81.0,83.5,106.0,34.5,140.5,25.5,131.5,219.0,7.5,8.5,9.25,5.0,10.71,3.28
Jerian Grant,2015,19.0,75.25,76.25,79.5,100.0,,,,,198.0,5.6,8.25,8.5,,,
D'Angelo Russell,2015,2.0,75.25,77.0,81.75,102.0,,,,,193.0,8.3,8.75,9.75,,,
Delon Wright,2015,20.0,76.25,77.5,79.5,101.5,31.0,132.5,29.5,131.0,181.0,6.6,8.0,8.5,4.0,11.21,3.29
Justin Anderson,2015,21.0,77.25,78.25,83.75,101.0,43.0,144.0,38.0,139.0,231.0,5.0,8.5,9.5,12.0,11.1,3.22
Bobby Portis,2015,22.0,81.5,82.5,86.0,108.5,31.5,140.0,25.0,133.5,246.0,8.9,9.5,9.25,5.0,11.71,3.56
Rondae Hollis-Jefferson,2015,23.0,77.5,79.0,86.0,104.0,38.0,142.0,32.0,136.0,211.0,5.0,8.75,9.75,13.0,10.51,3.12
Tyus Jones,2015,24.0,72.25,74.0,77.0,97.0,32.5,129.5,26.5,123.5,185.0,6.5,8.25,8.75,2.0,11.89,3.32
Jarell Martin,2015,25.0,80.0,81.25,81.75,106.5,34.5,141.0,28.5,135.0,239.0,10.1,8.25,,19.0,11.12,3.27
Larry Nance,2015,27.0,79.5,80.5,85.5,108.0,37.5,145.5,29.0,137.0,227.0,6.4,9.0,9.75,10.0,10.89,3.25
R.J. Hunter,2015,28.0,76.5,78.0,82.5,104.0,33.5,137.5,27.5,131.5,185.0,6.0,8.5,8.25,1.0,10.97,3.26
Chris McCullough,2015,29.0,80.25,81.0,87.25,109.0,,,,,199.0,6.2,8.75,8.75,,,
Kevon Looney,2015,30.0,80.0,81.25,87.5,110.0,,,,,222.0,11.9,9.5,9.25,,,
Montrezl Harrell,2015,32.0,79.0,79.5,88.25,109.0,,,,,253.0,11.9,9.0,9.75,,,
Jordan Mickey,2015,33.0,79.0,80.25,87.25,106.0,37.5,143.5,33.0,139.0,238.0,7.2,8.75,9.5,9.0,11.8,3.28
Anthony Brown,2015,34.0,77.25,80.5,83.25,104.5,34.5,139.0,27.5,132.0,211.0,6.1,8.5,9.0,4.0,11.06,3.18
Rakeem Christmas,2015,36.0,80.25,81.75,89.25,110.5,,,29.0,139.5,243.0,9.6,9.25,,9.0,11.57,3.47
Richaun Holmes,2015,37.0,80.25,81.5,85.5,108.0,36.0,144.0,32.5,140.5,243.0,8.8,8.5,8.5,15.0,11.37,3.32
Pat Connaughton,2015,41.0,76.0,77.25,80.75,96.0,44.0,140.0,37.5,133.5,215.0,10.2,8.5,9.25,13.0,10.74,3.2
Olivier Hanlan,2015,42.0,75.25,76.25,78.5,100.0,34.0,134.0,28.0,128.0,186.0,4.3,8.0,8.75,19.0,11.36,3.25
Joseph Young,2015,43.0,72.75,74.0,77.0,94.5,40.5,135.0,34.5,129.0,182.0,4.1,8.25,7.5,9.0,10.74,3.25
Andrew Harrison,2015,44.0,76.5,77.5,81.0,100.0,33.0,133.0,26.5,126.5,213.0,5.9,8.25,9.25,,11.16,3.34
Marcus Thornton,2015,45.0,73.75,74.75,79.75,97.5,43.0,140.5,34.5,132.0,177.0,5.3,8.25,8.5,3.0,10.96,3.02
Norman Powell,2015,46.0,75.0,76.25,82.75,102.5,40.5,143.0,32.5,135.0,215.0,6.4,9.25,9.0,5.0,10.76,3.2
Dakari Johnson,2015,48.0,83.0,83.75,86.0,112.0,25.0,137.0,22.5,134.5,265.0,14.9,9.25,10.5,4.0,11.5,3.62
Aaron White,2015,49.0,79.75,80.75,83.5,106.5,35.0,141.5,30.0,136.5,220.0,8.0,8.25,9.25,7.0,11.62,3.38
Tyler Harvey,2015,51.0,74.75,76.0,77.5,98.5,28.5,127.0,26.0,124.5,181.0,9.2,7.75,8.75,1.0,10.52,3.44
Branden Dawson,2015,56.0,77.5,78.75,83.0,105.0,34.5,139.5,28.5,133.5,230.0,5.8,9.0,8.75,12.0,12.37,3.2
J.P. Tokoto,2015,58.0,77.25,78.25,82.0,100.5,40.0,140.5,34.5,135.0,196.0,4.1,8.0,8.75,12.0,11.01,3.27
Willie Cauley-Stein,2015,6.0,83.25,84.5,87.0,111.0,,,,,242.0,6.3,9.5,9.0,,,
Stanley Johnson,2015,8.0,77.0,78.5,83.5,102.0,,,,,242.0,7.5,9.0,9.0,,,
Frank Kaminsky,2015,9.0,83.75,84.75,83.0,109.5,,,,,231.0,9.4,8.5,9.5,,,
Aaron Harrison,2015,,76.5,78.0,80.25,100.5,34.5,135.0,28.5,129.0,209.0,6.0,8.3,10.0,1.0,,3.27
Alan Williams,2015,,79.25,80.25,85.75,106.5,28.5,135.0,25.5,132.0,261.0,12.0,8.5,9.5,8.0,12.07,3.5
Brandon Ashley,2015,,79.25,80.5,87.25,105.0,35.5,140.5,31.5,136.5,228.0,8.8,9.0,9.5,9.0,11.3,3.58
Chasson Randle,2015,,72.75,73.5,79.0,96.5,39.5,136.0,33.5,130.0,179.0,4.5,8.5,9.5,6.0,10.61,3.2
Chris Walker,2015,,80.75,81.25,86.75,108.0,37.0,145.0,30.5,138.5,208.0,5.1,9.0,9.0,6.0,11.32,3.35
Christian Wood,2015,,81.25,82.5,87.25,111.5,,,,,216.0,14.7,9.25,10.75,,,
Cliff Alexander,2015,,79.25,80.5,87.5,109.5,,,,,239.0,5.8,9.5,10.25,,,
Corey Hawkins,2015,,72.75,73.75,80.0,99.5,34.0,133.5,28.5,128.0,192.0,5.5,8.3,9.0,9.0,10.97,3.51
Dez Wells,2015,,75.0,76.0,81.5,100.5,39.0,139.5,31.5,132.0,209.0,8.1,8.75,9.75,15.0,10.75,3.2
George De Paula,2015,,76.5,77.5,84.0,104.0,34.0,138.0,28.0,132.0,197.0,6.7,9.5,10.0,6.0,11.38,3.45
Jonathan Holmes,2015,,80.25,81.25,83.5,107.5,31.0,138.5,25.5,133.0,242.0,7.2,8.25,9.5,,10.97,3.51
Keifer Sykes,2015,,70.5,71.75,74.0,93.0,43.0,136.0,34.0,127.0,167.0,5.0,8.5,9.5,8.0,10.5,3.13
Michael Frazier,2015,,75.75,76.25,80.0,101.5,35.0,136.5,24.0,125.5,199.0,7.4,8.25,9.25,10.0,10.8,3.32
Michael Qualls,2015,,76.0,77.0,84.25,104.5,39.5,144.0,34.0,138.5,201.0,4.0,9.0,10.25,9.0,11.88,
Mouhammadou Jaiteh,2015,,81.5,82.5,87.25,110.5,31.5,142.0,24.5,135.0,247.0,9.9,9.0,9.25,7.0,12.05,3.38
Quinn Cook,2015,,72.25,74.0,76.0,96.5,31.0,127.5,24.5,121.0,179.0,6.7,7.5,8.25,14.0,11.28,3.38
Robert Upshaw,2015,,82.75,84.0,89.5,113.0,,,,,258.0,12.5,10.0,11.0,,,
Ryan Boatright,2015,,70.0,71.0,72.5,92.5,41.0,133.5,32.0,124.5,170.0,6.6,7.5,8.75,10.0,10.79,3.26
T.J. McConnell,2015,,72.5,74.0,74.0,96.5,31.5,128.0,26.0,122.5,188.0,7.3,7.5,7.0,7.0,10.84,3.3
TaShawn Thomas,2015,,79.25,80.0,86.0,108.0,30.5,138.5,26.0,134.0,240.0,12.4,9.0,9.25,9.0,11.69,3.47
Terran Petteway,2015,,76.75,78.0,83.25,104.5,31.0,135.5,25.0,129.5,209.0,4.9,8.25,8.25,15.0,10.96,3.32
Treveon Graham,2015,,76.75,77.75,82.5,103.0,31.5,134.5,28.5,131.5,219.0,5.5,8.5,8.25,11.0,11.6,3.3
Vince Hunter,2015,,78.75,79.5,83.0,104.5,37.5,142.0,33.5,138.0,208.0,4.6,9.0,8.75,13.0,11.33,3.26
Thon Maker,2016,10.0,83.75,84.75,87.0,110.5,36.5,147.0,32.0,142.5,216.0,6.1,8.75,9.5,,11.15,3.33
Taurean Prince,2016,12.0,78.5,79.75,83.5,102.0,36.0,138.0,34.0,136.0,220.0,6.5,9.0,8.5,,10.96,3.24
Denzel Valentine,2016,14.0,76.0,77.75,82.75,102.0,32.0,134.0,27.0,129.0,210.0,9.2,8.5,9.75,,10.51,3.46
Justin Jackson,2016,15.0,79.0,80.25,82.75,103.5,34.5,138.0,29.5,133.0,193.0,7.6,8.75,8.75,,11.32,3.26
Wade Baldwin,2016,17.0,74.5,76.0,83.25,100.0,38.0,138.0,32.5,132.5,202.0,5.2,9.0,9.75,,10.45,3.19
Henry Ellenson,2016,18.0,82.0,83.5,86.25,108.0,,,,,242.0,11.2,8.5,9.75,,,
Malik Beasley,2016,19.0,75.5,76.5,79.0,100.5,,,,,190.0,6.9,8.5,9.0,,,
Caris LeVert,2016,20.0,77.75,79.0,82.0,101.0,,,,,191.0,7.6,8.5,9.25,,,
DeAndre Bembry,2016,21.0,76.25,77.75,81.25,101.0,38.0,139.0,32.0,133.0,207.0,7.0,8.0,9.25,,10.9,3.17
Malachi Richardson,2016,22.0,76.75,78.25,84.0,101.5,38.0,139.5,33.0,134.5,200.0,7.0,8.75,10.0,,10.56,3.33
Brice Johnson,2016,25.0,81.0,82.5,84.5,106.5,38.0,144.5,33.5,140.0,209.0,7.5,9.0,8.25,,11.88,3.2
Caleb Swanigan,2016,26.0,79.5,80.5,87.5,107.0,29.0,136.0,26.0,133.0,247.0,12.6,9.0,10.25,,12.8,
Pascal Siakam,2016,27.0,80.25,81.5,87.25,107.5,36.5,144.0,30.5,138.0,227.0,5.2,9.25,10.0,,11.25,3.41
Skal Labissiere,2016,28.0,82.5,83.75,86.5,105.5,,,,,216.0,5.7,8.75,9.0,,,
Jaylen Brown,2016,3.0,77.25,78.75,83.75,102.5,,,,,223.0,5.1,8.75,9.0,,,
Damian Jones,2016,30.0,82.25,83.5,87.75,107.0,37.0,144.0,36.0,143.0,244.0,6.6,8.75,10.5,,11.35,3.2
Josh Hart,2016,30.0,76.0,77.5,80.5,99.5,38.5,138.0,29.5,129.0,204.0,5.8,8.5,9.25,,11.15,3.2
Deyonta Davis,2016,31.0,81.25,82.5,86.5,108.5,,,,,237.0,9.7,9.0,9.25,,,
Cheick Diallo,2016,33.0,79.5,81.0,88.5,107.5,35.0,142.5,31.0,138.5,219.0,5.6,8.5,9.75,,11.24,3.26
Tyler Ulis,2016,34.0,68.75,70.0,74.0,88.5,38.0,126.5,32.5,121.0,149.0,5.2,7.5,7.5,,10.8,3.2
Malcolm Brogdon,2016,36.0,75.75,77.5,82.5,98.0,35.5,133.5,30.5,128.5,223.0,5.4,9.0,10.25,,10.77,3.31
Chinanu Onuaku,2016,37.0,81.0,82.0,86.75,108.5,33.5,142.0,27.5,136.0,245.0,8.6,9.0,8.0,,11.65,3.5
Patrick McCaw,2016,38.0,77.25,78.75,82.0,100.5,38.0,138.5,30.0,130.5,181.0,4.7,8.75,8.75,,11.01,3.3
Diamond Stone,2016,40.0,81.0,82.25,86.75,108.5,29.5,138.0,27.0,135.5,254.0,12.9,8.5,7.75,,12.02,3.5
Stephen Zimmerman,2016,41.0,82.25,83.75,87.25,108.5,31.0,139.5,26.0,134.5,234.0,11.2,9.0,9.0,,12.08,3.43
Isaiah Whitehead,2016,42.0,75.25,76.5,80.75,100.0,35.5,135.5,27.5,127.5,210.0,9.3,8.5,8.75,,11.65,3.34
Zhou Qi,2016,43.0,85.25,86.25,91.75,112.5,32.0,144.5,31.5,144.0,218.0,4.9,9.25,9.5,,11.27,3.46
Demetrius Jackson,2016,45.0,72.0,73.25,77.5,93.0,43.5,136.5,37.5,130.5,194.0,6.5,8.25,9.0,,10.81,3.25
Jake Layman,2016,47.0,80.0,81.25,81.25,102.0,39.5,141.5,33.0,135.0,209.0,7.1,8.25,9.25,,11.35,3.24
Michael Gbinije,2016,49.0,77.5,78.75,79.5,101.0,37.5,138.5,33.5,134.5,205.0,5.4,8.0,9.0,,11.0,3.12
Kris Dunn,2016,5.0,75.0,76.25,81.5,100.0,,,,,,,,,,,
Georges Niang,2016,50.0,78.75,80.5,82.0,103.0,31.0,134.0,25.0,128.0,231.0,10.1,9.25,9.25,,11.64,3.49
Ben Bentil,2016,51.0,79.25,80.25,85.5,105.0,33.0,138.0,29.0,134.0,229.0,9.7,9.5,10.0,,11.16,3.3
Joel Bolomboy,2016,52.0,79.5,81.0,85.75,103.5,40.5,144.0,37.5,141.0,224.0,5.2,9.0,10.25,,10.26,3.17
Kay Felder,2016,54.0,68.25,69.5,74.5,88.5,44.0,132.5,35.5,124.0,177.0,5.8,8.25,8.5,,11.52,3.15
Marcus Paige,2016,55.0,72.5,73.75,78.25,97.0,39.5,136.5,33.5,130.5,164.0,4.3,7.75,8.75,,10.82,3.15
Daniel Hamilton,2016,56.0,78.25,80.0,81.0,103.5,29.0,132.5,26.0,129.5,197.0,6.0,9.0,8.5,,11.48,3.4
Isaiah Cousins,2016,59.0,75.25,76.5,78.25,98.5,37.0,135.5,30.5,129.0,194.0,4.8,8.25,8.75,,10.79,3.24
Jaron Blossomgame,2016,59.0,78.25,79.25,82.0,102.0,41.0,143.0,35.0,137.0,214.0,5.3,8.5,10.0,,11.53,3.2
Buddy Hield,2016,6.0,75.75,77.0,81.25,101.0,,,,,212.0,6.1,8.5,9.0,,,
Marquese Chriss,2016,8.0,80.75,82.0,84.25,105.0,38.5,143.5,32.5,137.5,233.0,8.5,9.0,9.0,,11.93,3.26
Jakob Poeltl,2016,9.0,84.25,85.0,86.75,111.5,,,,,239.0,5.8,9.25,10.25,,,
A.J. English,2016,,74.0,75.0,82.0,98.5,35.5,134.0,29.5,128.0,182.0,5.3,8.75,8.5,,12.27,3.28
Cat Barber,2016,,73.5,74.75,77.5,95.5,,,,,173.0,4.5,8.0,8.5,,,
Dedric Lawson,2016,,79.0,80.0,86.5,106.5,28.0,134.5,22.5,129.0,225.0,11.1,9.5,9.5,,12.48,3.65
Dorian Finney-Smith,2016,,78.5,79.75,83.75,105.5,35.5,141.0,32.5,138.0,213.0,6.5,9.0,9.75,,11.01,3.27
Elgin Cook,2016,,77.0,78.25,82.0,100.5,,,,,210.0,6.4,8.5,10.25,,,
Gary Payton II,2016,,74.0,75.0,80.0,99.5,38.5,138.0,31.5,131.0,184.0,4.0,8.75,9.5,,11.57,3.23
Isaiah Miles,2016,,78.75,79.75,82.5,105.0,31.5,136.5,24.0,129.0,220.0,9.6,9.0,9.5,,11.76,3.39
Jarrod Uthoff,2016,,80.5,81.75,83.5,104.0,34.5,138.5,29.0,133.0,214.0,6.0,8.75,9.0,,11.52,3.5
Kyle Wiltjer,2016,,80.75,82.0,84.25,102.5,35.5,138.0,28.5,131.0,243.0,15.3,8.25,9.5,,11.35,3.48
Malik Newman,2016,,74.25,75.5,77.75,97.5,35.5,133.0,30.0,127.5,182.0,5.6,8.25,9.25,,10.88,3.28
Marcus Lee,2016,,81.0,82.25,87.0,107.5,35.5,143.0,28.5,136.0,211.0,5.4,9.0,9.0,,11.68,3.25
Melo Trimble,2016,,73.25,74.5,74.0,92.5,35.5,128.0,26.5,119.0,192.0,8.4,8.0,8.75,,10.57,3.2
Nigel Hayes,2016,,78.25,79.25,87.0,107.5,28.5,136.0,25.5,133.0,245.0,10.9,8.5,9.5,,12.11,3.2
Perry Ellis,2016,,79.0,80.25,82.25,102.0,38.0,140.0,32.0,134.0,218.0,4.6,8.0,8.5,,10.73,3.13
Robert Carter,2016,,78.75,80.5,87.25,106.5,30.5,137.0,24.5,131.0,251.0,12.5,8.75,9.5,,11.97,3.65
Ron Baker,2016,,75.25,76.25,81.75,97.5,35.5,133.0,30.0,127.5,212.0,7.9,8.75,9.5,,10.77,3.45
Sheldon McClellan,2016,,77.0,78.25,79.0,99.5,41.5,141.0,35.0,134.5,198.0,4.8,8.0,8.0,,10.45,3.26
Troy Williams,2016,,77.75,78.75,80.25,102.0,36.0,138.0,30.0,132.0,218.0,10.0,8.25,9.25,,10.72,3.35
Wayne Selden,2016,,76.25,77.75,82.5,101.0,,,,,232.0,7.3,9.0,9.25,,,
Zach Collins,2017,10.0,82.25,84.0,85.0,111.0,,,,,232.0,8.9,8.75,9.25,,,
Luke Kennard,2017,12.0,76.5,77.5,77.25,98.5,,,,,196.0,6.6,8.0,8.75,,,
Donovan Mitchell,2017,13.0,73.25,75.0,82.0,97.0,40.5,137.5,36.5,133.5,211.0,5.9,8.5,9.5,,11.53,3.01
Bam Adebayo,2017,14.0,80.75,81.75,86.75,108.0,38.5,146.5,33.5,141.5,243.0,5.2,9.5,8.75,,11.94,3.24
Justin Patton,2017,16.0,82.0,83.25,87.0,111.5,30.5,142.0,26.0,137.5,229.0,7.8,8.75,9.75,,11.8,3.46
D.J. Wilson,2017,17.0,80.75,82.5,87.0,109.5,,,,,234.0,6.4,9.25,10.25,,,
T.J. Leaf,2017,18.0,80.75,81.75,83.0,107.0,34.5,141.5,29.0,136.0,222.0,6.8,8.5,9.5,,11.55,3.27
John Collins,2017,19.0,80.25,81.5,83.25,106.5,37.5,144.0,33.0,139.5,225.0,5.4,9.0,10.0,,11.66,3.27
Harry Giles,2017,20.0,81.25,82.5,87.25,109.5,32.5,142.0,27.0,136.5,232.0,5.2,9.5,10.75,,11.08,3.34
Terrance Ferguson,2017,21.0,77.5,79.0,80.75,103.0,38.0,141.0,28.5,131.5,184.0,5.8,8.5,10.0,,11.16,3.32
Jarrett Allen,2017,22.0,81.0,82.25,89.25,109.5,35.5,145.0,31.5,141.0,234.0,7.4,9.5,10.5,,11.82,3.21
OG Anunoby,2017,23.0,78.25,79.75,86.25,107.5,,,,,232.0,6.8,9.25,9.5,,,
Tyler Lydon,2017,24.0,80.25,81.5,84.0,107.5,33.5,141.0,29.5,137.0,215.0,13.6,8.75,8.75,,11.68,3.46
Kyle Kuzma,2017,27.0,80.0,81.5,84.25,107.5,34.0,141.5,27.0,134.5,223.0,9.4,8.5,9.5,,10.72,3.25
Tony Bradley,2017,28.0,81.25,82.75,89.0,112.5,27.5,140.0,24.5,137.0,249.0,12.0,9.5,9.5,,11.79,3.44
Derrick White,2017,29.0,75.25,76.5,79.5,101.5,36.5,138.0,35.5,137.0,190.0,6.2,8.25,8.5,,10.84,3.08
Frank Jackson,2017,31.0,74.0,75.5,79.5,98.0,42.0,140.0,35.5,133.5,202.0,6.7,8.25,9.0,,10.94,3.14
Davon Reed,2017,32.0,76.5,77.5,84.0,102.0,36.0,138.0,28.5,130.5,206.0,6.5,9.25,9.5,,11.37,3.34
Wesley Iwundu,2017,33.0,77.5,78.75,85.0,105.5,36.0,141.5,31.5,137.0,193.0,4.0,8.75,9.5,,11.25,3.36
Frank Mason,2017,34.0,71.0,72.0,75.25,94.0,41.0,135.0,34.0,128.0,189.0,4.3,8.0,9.25,,11.41,3.18
Ivan Rabb,2017,35.0,80.75,82.0,85.5,109.0,32.5,141.5,28.5,137.5,220.0,6.8,8.75,9.0,,12.68,3.35
Semi Ojeleye,2017,37.0,77.25,78.75,81.75,102.0,40.5,142.5,35.0,137.0,241.0,5.5,8.75,9.5,,10.58,3.16
Jordan Bell,2017,38.0,79.0,80.5,83.75,104.5,38.0,142.5,31.5,136.0,224.0,5.4,9.25,9.5,,10.63,3.21
Jawun Evans,2017,39.0,70.75,71.5,77.5,95.0,33.5,128.5,27.5,122.5,185.0,9.1,8.0,7.75,,11.34,3.21
Dwayne Bacon,2017,40.0,76.75,78.25,82.0,103.5,36.5,140.0,30.0,133.5,222.0,7.9,8.75,10.0,,11.7,3.22
Tyler Dorsey,2017,41.0,75.0,76.5,77.25,99.5,36.0,135.5,30.5,130.0,183.0,4.7,8.5,9.25,,10.55,3.16
Thomas Bryant,2017,42.0,81.5,82.75,90.0,112.5,33.0,145.5,25.5,138.0,248.0,9.4,9.5,10.25,,11.42,3.37
Damyean Dotson,2017,44.0,76.5,77.5,81.0,100.0,38.0,138.0,31.5,131.5,205.0,5.3,8.5,9.25,,11.18,3.13
Dillon Brooks,2017,45.0,77.0,78.0,78.0,100.5,37.5,138.0,31.0,131.5,220.0,7.5,8.25,9.25,,11.14,3.21
Ike Anigbogu,2017,47.0,80.5,81.75,90.25,110.5,32.5,143.0,29.5,140.0,252.0,5.4,9.5,10.0,,12.52,3.44
Sindarius Thornwell,2017,48.0,75.5,76.75,82.0,103.0,30.5,133.5,27.0,130.0,212.0,7.8,8.75,8.75,,11.48,3.36
De'Aaron Fox,2017,5.0,74.0,75.25,78.5,100.0,,,,,170.0,4.5,8.5,8.5,,,
Monte Morris,2017,51.0,73.25,74.5,76.0,96.5,33.5,130.0,28.0,124.5,175.0,6.9,8.25,8.75,,11.0,3.19
Edmond Sumner,2017,52.0,76.0,77.75,81.0,102.5,,,,,176.0,8.3,8.25,9.0,,,
Kadeem Allen,2017,53.0,73.0,74.25,81.25,99.5,35.5,135.0,33.0,132.5,192.0,6.4,8.5,8.75,,11.24,3.15
Alec Peters,2017,54.0,79.25,80.75,82.75,105.0,,,,,232.0,8.8,8.75,10.0,,,
Nigel Williams-Goss,2017,55.0,73.5,75.0,79.25,99.0,34.5,133.5,27.5,126.5,190.0,5.6,8.75,9.25,,10.42,3.19
Andrew Jones,2017,,75.0,76.25,78.5,99.5,35.0,134.5,27.0,126.5,185.0,4.9,8.5,9.0,,11.38,3.35
Cameron Oliver,2017,,79.0,80.25,85.25,106.5,39.5,146.0,28.0,134.5,239.0,7.7,9.5,10.25,,12.17,3.16
Chris Boucher,2017,,80.0,81.5,88.0,110.5,,,,,182.0,5.4,9.25,10.5,,,
Derrick Walton,2017,,71.0,72.75,74.5,95.0,32.5,127.5,26.0,121.0,189.0,5.8,8.0,8.5,,11.28,3.29
Devin Robinson,2017,,79.0,80.25,84.75,106.0,41.5,147.5,35.5,141.5,190.0,3.2,9.25,10.25,,12.85,3.23
Eric Mika,2017,,80.5,81.75,82.0,106.5,32.0,138.5,29.0,135.5,233.0,6.5,8.25,8.75,,11.71,3.38
Hamidou Diallo,2017,,75.75,77.0,83.25,101.5,44.5,146.0,34.5,136.0,197.0,5.2,8.5,9.5,,10.88,3.11
Isaiah Briscoe,2017,,73.25,74.75,81.0,99.5,33.5,133.0,28.0,127.5,222.0,11.0,9.0,9.25,,10.95,3.38
Isaiah Hicks,2017,,79.25,80.5,84.5,105.0,37.0,142.0,31.5,136.5,233.0,7.7,8.75,9.75,,12.31,3.36
Jamel Artis,2017,,77.5,78.75,82.0,105.0,31.0,136.0,23.5,128.5,213.0,11.9,9.25,9.75,,11.62,3.44
Johnathan Motley,2017,,79.75,80.75,88.0,108.0,,,,,238.0,,9.0,9.5,,,
Jonathan Jeanne,2017,,84.75,86.0,90.5,113.5,31.5,145.0,29.0,142.5,207.0,8.7,9.5,10.0,,12.61,3.36
Justin Jackson (Canada),2017,,77.75,79.0,87.25,107.0,31.5,138.5,26.5,133.5,219.0,8.1,9.0,9.5,,11.78,3.43
Kennedy Meeks,2017,,80.75,82.25,85.0,106.0,30.5,136.5,28.0,134.0,277.0,11.5,8.75,8.75,,12.91,3.5
Kobi Simmons,2017,,75.25,76.5,78.0,99.0,38.5,137.5,30.5,129.5,166.0,5.0,8.5,9.5,,11.15,3.18
Moritz Wagner,2017,,82.0,83.25,84.0,108.0,32.5,140.5,25.5,133.5,231.0,6.7,8.75,10.75,,12.0,3.35
Omer Yurtseven,2017,,82.5,83.75,85.0,108.5,31.5,140.0,26.0,134.5,248.0,7.6,9.0,10.5,,12.85,3.45
P.J. Dozier,2017,,77.25,78.75,83.0,101.0,39.0,140.0,34.0,135.0,201.0,6.1,8.5,9.5,,10.84,3.15
Peter Jok,2017,,76.25,77.75,80.0,102.0,31.0,133.0,26.5,128.5,202.0,11.0,8.25,9.5,,11.34,3.41
Rawle Alkins,2017,,74.5,75.75,80.75,99.0,40.5,139.5,31.5,130.5,223.0,11.0,8.75,10.0,,11.99,3.3
Sviatoslav Mykhailiuk,2017,,78.5,79.5,77.0,100.0,33.0,133.0,27.0,127.0,220.0,11.4,8.0,9.25,,12.4,3.53
Thomas Welsh,2017,,83.5,84.5,84.0,109.5,,,,,254.0,10.9,9.0,10.5,,,
V.J. Beachem,2017,,78.25,80.0,82.25,104.5,37.0,141.5,30.0,134.5,193.0,6.8,8.5,9.0,,11.18,3.26
